,accuracy,precision,recall,f1
davinci-002,0.3193234238851871,0.4455284927311139,0.1704848860848461,0.12021048734905335
babbage-002,0.0005125576627370579,0.06666666666666667,0.00047281323877068556,0.0009389671361502347
gpt-3.5-turbo-1106,0.6842644797539723,0.34026252894454173,0.3327475191916812,0.31808052438676027
