,accuracy,precision,recall,f1
ZeroShot_davinci-002,0.08913649025069638,0.08913649025069638,0.08913649025069638,0.08913649025069638
