,accuracy,precision,recall,f1
ZeroShot_gpt-3.5-turbo-1106,0.5793871866295265,0.5793871866295265,0.5793871866295265,0.5793871866295265
