,accuracy@1,accuracy@3,accuracy@5
Sport,0.0,0.0,0.06060606060606061
Politics,0.0,0.0,0.0
Music,0.0,1.0,1.0
Business,0.0,0.0,1.0
Food,0.0,0.0,0.030303030303030304
Science,0.0,0.0,0.0
Health,0.0,0.0,0.030303030303030304
Culture,0.0,0.0,1.0
Travel,0.0,1.0,1.0
Technology,0.0,0.0,0.0
World,1.0,1.0,1.0
Average,0.08913649025069638,0.27019498607242337,0.4623955431754875
