Model,Accuracy,Similarity (BERT),Similarity (BLEU),Similarity (ROUGE),Score (BERT),Score (BLEU),Score (ROUGE)
Perfect Meaning,0.0,1.0,0.98,1.0,0.0,0.0,0.0
Perfect Simplification,0.1808080808080808,0.80995727,8.228289207862188e-05,0.0,0.3001870587832305,5.1265036712472334e-05,0.0
GPT-4,0.496,0.8856876,0.01240844735738772,0.38888888888888884,0.6399909696050778,0.007696008715763567,0.20861629588504058
Mistral-7B Zero-Shot,0.27568134171907754,0.9311595,0.29443820113295277,0.8846153846153846,0.4309787743506239,0.1532581949497001,0.34288274603798974
Mistral-7B Fine-Tuned,0.3527054108216433,0.9138029,0.0748661577512338,0.8703703703703705,0.5143218354123509,0.0448899469543073,0.3686212322812282
GPT Zero-Shot,0.30601092896174864,0.933759,0.13448586613021574,1.0,0.4665539802870456,0.07751092814326531,0.38500637420353
Davinci Fine-Tuned,0.2426470588235294,0.8270544,0.007003069361549918,0.5263157894736842,0.3801508280251918,0.0043404026439536345,0.23155195925523672
GPT Fine-Tuned,0.3384615384615385,0.9140137,0.0413049349000117,0.7058823529411765,0.4994036892535552,0.025169777031965768,0.31395662764508975
