,accuracy,precision,recall,f1
Flaubert-pretrained,0.5571030640668524,0.5571030640668524,0.5571030640668524,0.5571030640668524
