,accuracy,precision,recall,f1
mDeBERTa-v3-base-mnli-xnli,0.45125348189415043,0.45125348189415043,0.45125348189415043,0.45125348189415043
