,accuracy,precision,recall,f1
FlaubertFineTuned,0.7437325905292479,0.7437325905292479,0.7437325905292479,0.7437325905292479
